Model,Accuracy,Precision,Recall,F1,ROC-AUC
Stack (all features) @best-F1,0.9521604938271605,0.9508771929824561,0.9944954128440368,0.9721973094170404,0.8378907989667765
Best model (top feats) @best-F1 - LightGBM,0.9506172839506173,0.9507908611599297,0.9926605504587156,0.9712746858168761,0.8498263115703215
Stack (all features) @0.50,0.9429012345679012,0.950354609929078,0.9834862385321101,0.9666366095581606,0.8378907989667765
